#,doi,ru_score,c4_lang,url,openalex_url,doi_context,text_start,verified_ru_framing
1,10.15688/jvolsu3.2017.3.18,3.0,ru,https://ges.jvolsu.com/index.php/ru/archive-ru/387-science-journal-of-volsu-global-economic-system-2017-3-4/sotsialno-ekonomicheskoe-razvitie-regionov-v-usloviyakh-globalizatsii/1234-nekhajchuk-d-v-nekhajchuk-yu-s-k-voprosu-strategicheskogo-razvitiya-predpriyatij-pishchevoj-industrii,https://openalex.org/works/doi:10.15688/jvolsu3.2017.3.18,"Е РЕГИОНОВ В УСЛОВИЯХ ГЛОБАЛИЗАЦИИ Нехайчук Д.В., Нехайчук Ю.С. К ВОПРОСУ СТРАТЕГИЧЕСКОГО РАЗВИТИЯ ПРЕДПРИЯТИЙ ПИЩЕВОЙ ИНДУСТРИИ DOI: https://doi.org/10.15688/jvolsu3.2017.3.18 Дмитрий Валериевич Нехайчук доктор экономических наук, доцент, заведующий","Нехайчук Д.В., Нехайчук Ю.С. К ВОПРОСУ СТРАТЕГИЧЕСКОГО РАЗВИТИЯ ПРЕДПРИЯТИЙ ПИЩЕВОЙ ИНДУСТРИИ Вы здесь: Home Архив Science Journal of VolSU. Global Economic System. 2017. Vol. 19. №3 (40) СОЦИАЛЬНО-ЭК",
2,10.1016/j.cellsig.2006.02.012,2.5,ru,https://journal.nephrolog.ru/jour/article/view/364,https://openalex.org/works/doi:10.1016/j.cellsig.2006.02.012,"l WF, Abdulhussein R, Ford CE. Sensing extracellular matrix: an update on discoidin domain receptor function. Cell Signal 2006; 18(8):1108–1116. Doi: 10.1016/j.cellsig.2006.02.012 9. Alves F, Saupe S, Ledwon M et al. Identification of two novel, kina","СОДЕРЖАНИЕ РЕЦЕПТОРОВ КОЛЛАГЕНА DDR1 В СЫВОРОТКЕ КРОВИ ДЕТЕЙ, БОЛЬНЫХ ХРОНИЧЕСКИМ ПИЕЛОНЕФРИТОМ: СВЯЗЬ С НАРУШЕНИЕМ УРОДИНАМИКИ И МЕТАБОЛИЧЕСКИМИ РАССТРОЙСТВАМИ | Слободян | Нефрология Главная > Том 2",
3,10.1016/j.jmb.2006.12.073,2.5,ru,https://journal.nephrolog.ru/jour/article/view/364,https://openalex.org/works/doi:10.1016/j.jmb.2006.12.073,". PMID:9575136 6. Agarwal G Mihai C Iscru DF. Interaction of discoidin domain receptor 1 with collagen type 1. J Mol Biol 2007; 367(2): 443–455. DOI: 10.1016/j.jmb.2006.12.073 7. Meyer zum Gottesberge AM, Gross O, Becker-Lendzian U, et al. Inner ear ","СОДЕРЖАНИЕ РЕЦЕПТОРОВ КОЛЛАГЕНА DDR1 В СЫВОРОТКЕ КРОВИ ДЕТЕЙ, БОЛЬНЫХ ХРОНИЧЕСКИМ ПИЕЛОНЕФРИТОМ: СВЯЗЬ С НАРУШЕНИЕМ УРОДИНАМИКИ И МЕТАБОЛИЧЕСКИМИ РАССТРОЙСТВАМИ | Слободян | Нефрология Главная > Том 2",
4,10.24884/1561-6274-2018-22-3-43-50,2.5,ru,https://journal.nephrolog.ru/jour/article/view/364,https://openalex.org/works/doi:10.24884/1561-6274-2018-22-3-43-50,"ИТОМ: СВЯЗЬ С НАРУШЕНИЕМ УРОДИНАМИКИ И МЕТАБОЛИЧЕСКИМИ РАССТРОЙСТВАМИ | Слободян | Нефрология Главная > Том 22, № 3 (2018) > Слободян https://doi.org/10.24884/1561-6274-2018-22-3-43-50 хронический пиелонефрит, дети, обструктивная уропатия, дисметабол","СОДЕРЖАНИЕ РЕЦЕПТОРОВ КОЛЛАГЕНА DDR1 В СЫВОРОТКЕ КРОВИ ДЕТЕЙ, БОЛЬНЫХ ХРОНИЧЕСКИМ ПИЕЛОНЕФРИТОМ: СВЯЗЬ С НАРУШЕНИЕМ УРОДИНАМИКИ И МЕТАБОЛИЧЕСКИМИ РАССТРОЙСТВАМИ | Слободян | Нефрология Главная > Том 2",
5,10.7256/2454-0749.2018.1.25225,2.0,ru,http://nbpublish.com/library_read_article.php?id=25225,https://openalex.org/works/doi:10.7256/2454-0749.2018.1.25225,"еренция, проблема идентификации отклонений, Крымский федеральный университет, английские согласные, международный контактный язык, фонетическая норма 10.7256/2454-0749.2018.1.25225 The subject of the research is identification of deviations made by R","Маркированная артикуляция английских согласных в произношении русскоязычных студентов Мележик Карина Алексеевна заведующая кафедрой, Крымский федеральный университет им. В.И. Вернадского 95029, Россия",
6,10.1155/2017/8315972,1.5,ru,https://www.agronauka-sv.ru/jour/article/view/320,https://openalex.org/works/doi:10.1155/2017/8315972,"sive Resistance of the Ridger Inspired by a Boar’s Head. Applied Bionics and Biomechanics. 2017. Article ID 8315972, 10 p. 2017. DOI: https://doi.org/10.1155/2017/8315972. 8. Liu R., Yao J.H., Zhang Q.L., Collier R. Sliding wear and solid-particle er","Теоретические предпосылки к бионическому обоснованию параметров рабочих органов стерневого культиватора | Бабицкий | Аграрная наука Евро-Северо-Востока Главная > Том 20, № 2 (2019) > Бабицкий https://",
7,10.25136/2409-8698.2019.6.31620,1.5,ru,https://e-notabene.ru/fil/article_31620.html,https://openalex.org/works/doi:10.25136/2409-8698.2019.6.31620,ra' - NotaBene.ru Асанова Э.Р. — Романная серия Дэниела Силвы о Габриэле Аллоне: родо-жанровая природа // Litera. – 2019. – № 6. – С. 177 - 184. DOI: 10.25136/2409-8698.2019.6.31620 URL: https://nbpublish.com/library_read_article.php?id=31620 Романна,Статья 'Романная серия Дэниела Силвы о Габриэле Аллоне: родо-жанровая природа ' - журнал 'Litera' - NotaBene.ru Асанова Э.Р. — Романная серия Дэниела Силвы о Габриэле Аллоне: родо-жанровая природа // ,
8,10.25136/2409-8744.2017.4.23447,1.5,ru,https://e-notabene.ru/ca/article_23447.html,https://openalex.org/works/doi:10.25136/2409-8744.2017.4.23447,й школы Кугушева А.Ю. — Дискурс исторического пейзажа в визуальном тексте киммерийской школы // Человек и культура. – 2017. – № 4. – С. 80 - 87. DOI: 10.25136/2409-8744.2017.4.23447 URL: https://nbpublish.com/library_read_article.php?id=23447 аспиран,Дискурс исторического пейзажа в визуальном тексте киммерийской школы Кугушева А.Ю. — Дискурс исторического пейзажа в визуальном тексте киммерийской школы // Человек и культура. – 2017. – № 4. – С. 80 ,
9,10.30766/2072-9081.2019.20.2.183-191,1.5,ru,https://www.agronauka-sv.ru/jour/article/view/320,https://openalex.org/works/doi:10.30766/2072-9081.2019.20.2.183-191,"етров рабочих органов стерневого культиватора | Бабицкий | Аграрная наука Евро-Северо-Востока Главная > Том 20, № 2 (2019) > Бабицкий https://doi.org/10.30766/2072-9081.2019.20.2.183-191 рыхление почвы, биологический прототип, жук-скарабей, параметры","Теоретические предпосылки к бионическому обоснованию параметров рабочих органов стерневого культиватора | Бабицкий | Аграрная наука Евро-Северо-Востока Главная > Том 20, № 2 (2019) > Бабицкий https://",
10,10.15789/2220-7619-2019-3-4-589-594,1.0,ru,https://www.iimmun.ru/iimm/article/view/686/850,https://openalex.org/works/doi:10.15789/2220-7619-2019-3-4-589-594, обнаружению псориатического антигена как некоторого аналога инфекционных прионных белков. Инфекция и иммунитет. 2019;9(3-4):589-594. https://doi.org/10.15789/2220-7619-2019-3-4-589-594 Sinitsyn B.F. Detecting a psoriatic antigen analogous to infecti,"К обнаружению псориатического антигена как некоторого аналога инфекционных прионных белков | Синицын | Инфекция и иммунитет Главная > Том 9, № 3-4 (2019) > Синицын Синицын Б.Ф. К обнаружению псориатич",
11,10.15826/urej.2018.2.1.001,1.0,ru,https://journals.urfu.ru/index.php/urj/article/view/3123/0,https://openalex.org/works/doi:10.15826/urej.2018.2.1.001,"нологии» : рефераты докладов (на русском и английском языках) (10–16 сентября 2017, г. Севастополь, Крым, Россия). С. 1562–1569. DOI: https://doi.org/10.15826/urej.2018.2.1.001","Использование пучков Гаусса в качестве математической модели сигнала систем ближней радиолокации | Штыков | URAL RADIO ENGINEERING JOURNAL Главная > Том 2, № 1 (2018) >	Штыков Использование пучков Гау",
12,10.17759/langt.2019060102,1.0,ru,https://psyjournals.ru/langpsy/2019/n1/Djemileva.shtml,https://openalex.org/works/doi:10.17759/langt.2019060102,"Лев Толстой и крымскотатарская литература - Язык и текст - 2019. Том. 6, № 1 2019. Том. 6, № 1. С. 17–21 doi:10.17759/langt.2019060102 Лев Толстой и крымскотатарская литература 190 Джемилева А.А., кандидат филологических наук, доцент кафедры крымскот","Лев Толстой и крымскотатарская литература - Язык и текст - 2019. Том. 6, № 1 2019. Том. 6, № 1. С. 17–21 doi:10.17759/langt.2019060102 Лев Толстой и крымскотатарская литература 190 Джемилева А.А., кан",
13,10.17759/langt.2019060103,1.0,ru,https://psyjournals.ru/langpsy/2019/n1/Djemileva.shtml,https://openalex.org/works/doi:10.17759/langt.2019060103," ве санъат нешрияты, 1988. - 114 б. Научная жизнь	| Меметова Л.А. Литературно-художественный процесс на страницах «Алем-и субьян» («Детский мир») doi:10.17759/langt.2019060103 Научная жизнь	| Фетиева Э.О. doi:10.17759/langt.2019060105","Лев Толстой и крымскотатарская литература - Язык и текст - 2019. Том. 6, № 1 2019. Том. 6, № 1. С. 17–21 doi:10.17759/langt.2019060102 Лев Толстой и крымскотатарская литература 190 Джемилева А.А., кан",
14,10.17759/langt.2019060105,1.0,ru,https://psyjournals.ru/langpsy/2019/n1/Djemileva.shtml,https://openalex.org/works/doi:10.17759/langt.2019060105,а Л.А. Литературно-художественный процесс на страницах «Алем-и субьян» («Детский мир») doi:10.17759/langt.2019060103 Научная жизнь	| Фетиева Э.О. doi:10.17759/langt.2019060105,"Лев Толстой и крымскотатарская литература - Язык и текст - 2019. Том. 6, № 1 2019. Том. 6, № 1. С. 17–21 doi:10.17759/langt.2019060102 Лев Толстой и крымскотатарская литература 190 Джемилева А.А., кан",
15,10.18470/1992-1098-2018-4-47-56,1.0,ru,https://ecodag.elpub.ru/ugro/article/view/1397,https://openalex.org/works/doi:10.18470/1992-1098-2018-4-47-56,"ФАУНЫ СЕВЕРО-ЗАПАДНОГО ПОБЕРЕЖЬЯ КРЫМСКОГО ПОЛУОСТРОВА | Костин | Юг России: экология, развитие Главная > Том 13, № 4 (2018) > Костин https://doi.org/10.18470/1992-1098-2018-4-47-56 черногрудый воробей, Passer hispaniolensis, особо охраняемая природн","ЧЕРНОГРУДЫЙ ВОРОБЕЙ (PASSER HISPANIOLENSIS) – НОВЫЙ ВИД ГНЕЗДОВОЙ ФАУНЫ СЕВЕРО-ЗАПАДНОГО ПОБЕРЕЖЬЯ КРЫМСКОГО ПОЛУОСТРОВА | Костин | Юг России: экология, развитие Главная > Том 13, № 4 (2018) > Костин ",
16,10.23670/IRJ.2019.90.12.066,1.0,ru,https://research-journal.org/pedagogy/issledovanie-vzaimosvyazi-yazyka-i-kultury-v-professionalnoj-podgotovke-perevodchikov/,https://openalex.org/works/doi:10.23670/IRJ.2019.90.12.066,И КУЛЬТУРЫ В ПРОФЕССИОНАЛЬНОЙ ПОДГОТОВКЕ ПЕРЕВОДЧИКОВ | Опубликовать статью РИНЦ | Международный научно-исследовательский журнал DOI: https://doi.org/10.23670/IRJ.2019.90.12.066 Скачать PDF ( ) Страницы: 100-104 Выпуск: № 12 (90) Часть 2 () Искать в ,ИССЛЕДОВАНИЕ ВЗАИМОСВЯЗИ ЯЗЫКА И КУЛЬТУРЫ В ПРОФЕССИОНАЛЬНОЙ ПОДГОТОВКЕ ПЕРЕВОДЧИКОВ | Опубликовать статью РИНЦ | Международный научно-исследовательский журнал DOI: https://doi.org/10.23670/IRJ.2019.9,
17,10.24852/pa2019.2.28.210.223,1.0,ru,http://archaeologie.pro/ru/archive/28/558/,https://openalex.org/works/doi:10.24852/pa2019.2.28.210.223,"огия Могаричев Ю.М. (Симферополь, Россия), Ергина А.С. (Санкт-Петербург, Россия) стр. 210–223 УДК 75.052(477.75) +72.684(477.75) DOI: https://doi.org/10.24852/pa2019.2.28.210.223 (894.92 Кб) В статье рассматриваются специфика иконографии и особенност","Фресковые росписи пещерной церкви Южного монастыря Мангупа: специфика иконографии и особенности композиционного решения - Поволжская археология Могаричев Ю.М. (Симферополь, Россия), Ергина А.С. (Санкт",
18,10.25555/THR.2017.2.0778,1.0,ru,http://thrj.ru/index.php/thrj/article/view/1,https://openalex.org/works/doi:10.25555/THR.2017.2.0778,. Самарин ФГАОУ ВО «КФУ им. В. И. Вернадского» М. И. Федосов ФГАОУ ВО «Крымский федеральный университет имени В. И. Вернадского» DOI: https://doi.org/10.25555/THR.2017.2.0778 Острая массивная кровопотеря (ОМК) остается тяжелым осложнением с высокой л,"Дифференцированное назначение гемостатических средств при острой массивной кровопотере | Тромбоз, гемостаз и реология Дифференцированное назначение гемостатических средств при острой массивной кровопо",
19,10.26516/1997-7670.2018.26.105,1.0,ru,http://www.mathnet.ru/php/archive.phtml?wshow=paper&jrnid=iigum&paperid=360&option_lang=rus,https://openalex.org/works/doi:10.26516/1997-7670.2018.26.105,"стему. Ключевые слова: идеальная стратифицированная жидкость, крошеный лед, задача Коши, операторное уравнение, сильное решение. DOI: https://doi.org/10.26516/1997-7670.2018.26.105 Поступила в редакцию: 10.10.2018 Образец цитирования: Д. О. Цветков, ","Известия Иркутского государственного университета. Серия Математика, 2018,	том 26,	страницы 105–120	(Mi iigum360) Крымский федеральный университет им. В. И. Вернадского, Симферополь, Российская Федера",
20,10.29001/2073-8552-2016-31-4-26-29,1.0,ru,https://cardiotomsk.elpub.ru/jour/article/view/245,https://openalex.org/works/doi:10.29001/2073-8552-2016-31-4-26-29,"ИПЕРТОНИЧЕСКОЙ БОЛЕЗНЬЮ И СТАБИЛЬНОЙ СТЕНОКАРДИЕЙ | Игнатенко | Сибирский медицинский журнал Главная > Том 31, № 4 (2016) > Игнатенко https://doi.org/10.29001/2073-8552-2016-31-4-26-29 эндотелиальная дисфункция, гипертоническая болезнь, стабильная ст","ДИСФУНКЦИЯ СОСУДИСТОГО ЭНДОТЕЛИЯ И ЕЕ КОРРЕКЦИЯ У МОЛОДЫХ БОЛЬНЫХ ГИПЕРТОНИЧЕСКОЙ БОЛЕЗНЬЮ И СТАБИЛЬНОЙ СТЕНОКАРДИЕЙ | Игнатенко | Сибирский медицинский журнал Главная > Том 31, № 4 (2016) > Игнатенко",
21,10.32744/pse.2019.3.29,1.0,ru,https://pnojournal.wordpress.com/2019/07/02/delvig-redkina-donenko/,https://openalex.org/works/doi:10.32744/pse.2019.3.29,"анию института военного духовенства на Черноморском флоте в XIX – начале ХХ века // Перспективы науки и образования. 2019. № 3 (39). С. 386-398. doi: 10.32744/pse.2019.3.29 Дельвиг Наталья Андреевна (Россия, Севастополь) - Кандидат педагогических нау",Деятельность российских флотоводцев по созданию института военного духовенства на Черноморском флоте в XIX – начале ХХ века « Перспективы науки и образования Главная » История педагогической мысли » Д,
22,10.33048/daio.2019.26.636,1.0,ru,http://www.mathnet.ru/php/archive.phtml?wshow=paper&jrnid=da&paperid=932&option_lang=rus,https://openalex.org/works/doi:10.33048/daio.2019.26.636,"из алгоритмов 1 и 3) выполнено при поддержке гранта Российского фонда фундаментальных исследований (проект № 18–31–00219 мол_а). DOI: https://doi.org/10.33048/daio.2019.26.636 Journal of Applied and Industrial Mathematics, 2019, 13:3, 557–574 Статья ","Ф. С. Стонякин, М. Алкуса, А. Н. Степанов, А. А. Титов, “Адаптивные алгоритмы зеркального спуска для задач выпуклой и сильно выпуклой оптимизации с функциональными ограничениями”, Дискретн. анализ и и",
23,10.1002/jgrg.20,0.5,ru,http://jr.rse.cosmos.ru/article.aspx?id=2036,https://openalex.org/works/doi:10.1002/jgrg.20,ly warning information about drought and fire season severity in the Amazon // J. Geophysical Research Biogeosciences. 2013. V. 118. P. 495–504. DOI: 10.1002/jgrg.20,Современные проблемы дистанционного зондирования Земли из космоса. 2019. Т. 16. № 4. С. 247-255 Исследование характеристик аэрозолей над Чёрным морем посредством системы FIRMS во время пожаров за пери,
24,10.1007/s11629-016-4162-5,0.5,ru,http://atmospheric-circulation.ru/stati/page/3/,https://openalex.org/works/doi:10.1007/s11629-016-4162-5,"xed by Science Citation Index, Georef, Scopus, CABI, JSTChina, CSCD J. Mt. Sci. (2017) 14(1): 46-59 e-mail: jms@imde.ac.cn http://jms.imde.ac.cn DOI: 10.1007/s11629-016-4162-5 Influence of atmospheric circulation on precipitation in Altai Mountains M","Статьи — Страница 3 — Колебания циркуляции атмосферы северного полушария в XX — начале XXI века КЛИМАТ И ПРИРОДА, 4(21), 2016 3 КЛИМАТОЛОГИЯ УДК 551.911. АРКТИЧЕСКИЕ ВТОРЖЕНИЯ ПО Б.Л. ДЗЕРДЗЕЕВСКОМУ И",
25,10.1016/S0924-7963(99,0.5,ru,http://jr.rse.cosmos.ru/article.aspx?id=1572,https://openalex.org/works/doi:10.1016/S0924-7963(99,"8. Dewey R., Muench R., Gunn J. Mixing and vertical heat flux estimates in the Arctic Eurasian Basin // J. Mar. Syst. 1999. Vol. 21. P. 199–205. DOI: 10.1016/S0924-7963(99)00014-7. Dmitrenko I.A., Ivanov V.V., Kirillov S.A., Vinogradova E.L., Torres-",Современные проблемы дистанционного зондирования Земли из космоса. 2016. Т. 13. № 6. С. 99-109 Наблюдение короткопериодных внутренних волн в море Лаптевых на основе спутниковых радиолокационных измере,
26,10.1142/S0219635215500296,0.5,ru,http://iitp.ru/publications/index.php?lang=ru&search=&datestart=&datefinish=&type=&sort=&author=&structure=&userid=176&intcited=&print=1,https://openalex.org/works/doi:10.1142/S0219635215500296,"© World Scientific Publishing Co. http://www.worldscientific.com/worldscinet/jin http://www.worldscientific.com/doi/abs/10.1142/S0219635215500296	Толмачева Е.А., Огнивов В.В., Шевеленкова Т.Д., Бастаков В.А., Особенности проявления зрительного иллюзо","© World Scientific Publishing Co. http://www.worldscientific.com/worldscinet/jin http://www.worldscientific.com/doi/abs/10.1142/S0219635215500296	Толмачева Е.А., Огнивов В.В., Шевеленкова Т.Д., Бастак",
27,10.1186/1479-5876-10-239,0.5,ru,https://lib.ossn.ru/jour/article/view/96,https://openalex.org/works/doi:10.1186/1479-5876-10-239,"cco M. L., Bianchi P., Manni L. Nerve growth factor: from the early discoveries to the potential clinical use. J Translational Med 2012; 10:239. doi: 10.1186/1479-5876-10-239. 2. Cirulli F., Alleva E. The NGF saga: from animal models of psychosocial ","НЕВРОРОСТОВОЙ ФАКТОР У БОЛЬНЫХ АРТЕРИАЛЬНОЙ ГИПЕРТЕНЗИЕЙ: НЕЙРОПСИХИЧЕСКИЕ, ГЕМОДИНАМИЧЕСКИЕ, МЕТАБОЛИЧЕСКИЕ ВЗАИМОСВЯЗИ | Ушаков | Кардиология Главная > Том 58, № 2 (2018) > Ушаков НЕВРОРОСТОВОЙ ФАКТ",
28,10.15587/2313-8416.2016.74121,0.5,ru,http://atmospheric-circulation.ru/stati/page/3/,https://openalex.org/works/doi:10.15587/2313-8416.2016.74121," atmospheric circulation on precipitation in Altai Mountains"" Географічні науки Scientific Journal «ScienceRise» №7/1(24)2016 УДК 911, 656.6.052 DOI: 10.15587/2313-8416.2016.74121 ИЗМЕНЕНИЯ ЛЕДОВИТОСТИ И ВАРИАЦИИ ПОЛЯ АТМОСФЕРНОГО ДАВЛЕНИЯ В АРКТИКЕ ","Статьи — Страница 3 — Колебания циркуляции атмосферы северного полушария в XX — начале XXI века КЛИМАТ И ПРИРОДА, 4(21), 2016 3 КЛИМАТОЛОГИЯ УДК 551.911. АРКТИЧЕСКИЕ ВТОРЖЕНИЯ ПО Б.Л. ДЗЕРДЗЕЕВСКОМУ И",
29,10.15643/libartrus-2016.4.6,0.5,ru,http://libartrus.com/archive/2016/4/6/,https://openalex.org/works/doi:10.15643/libartrus-2016.4.6," Интерпретация смысла в межнациональной коммуникации на английском языке Российский гуманитарный журнал. 2016. Том 5. №4. С. 394-402. https://doi.org/10.15643/libartrus-2016.4.6 Институт иностранной филологии, Таврическая академия, Крымский федеральн",Интерпретация смысла в межнациональной коммуникации на английском языке - Российский гуманитарный журнал Интерпретация смысла в межнациональной коммуникации на английском языке Российский гуманитарный,
30,10.17513/msnv.19346,0.5,ru,http://eduherald.ru/ru/article/view?id=19346,https://openalex.org/works/doi:10.17513/msnv.19346,СОВРЕМЕННЫЕ МЕТОДЫ ВОССТАНОВЛЕНИЯ И РЕГЕНЕРАЦИИ ТКАНЕЙ СКЕЛЕТНЫХ МЫШЦ - Международный студенческий научный вестник (электронный научный журнал) 10.17513/msnv.19346 СОВРЕМЕННЫЕ МЕТОДЫ ВОССТАНОВЛЕНИЯ И РЕГЕНЕРАЦИИ ТКАНЕЙ СКЕЛЕТНЫХ МЫШЦ Середа Е.В. 1 Ба,СОВРЕМЕННЫЕ МЕТОДЫ ВОССТАНОВЛЕНИЯ И РЕГЕНЕРАЦИИ ТКАНЕЙ СКЕЛЕТНЫХ МЫШЦ - Международный студенческий научный вестник (электронный научный журнал) 10.17513/msnv.19346 СОВРЕМЕННЫЕ МЕТОДЫ ВОССТАНОВЛЕНИЯ И ,
31,10.17747/2311-7184-2016-8-1,0.5,ru,https://www.strategybusiness.ru/jour/article/view/253,https://openalex.org/works/doi:10.17747/2311-7184-2016-8-1,редита В. В. Кудревич Главная > № 8 (2016) >	Пискун ДЕТЕРМИНАНТЫ СОЦИАЛЬНО-ЭКОНОМИЧЕСКОГО РАЗВИТИЯ РЕСПУБЛИКИ КРЫМ: ТЕОРИЯ И ПРАКТИКА https://doi.org/10.17747/2311-7184-2016-8-1 В статье исследованы методологические аспекты современных концепций реги,"ДЕТЕРМИНАНТЫ СОЦИАЛЬНО-ЭКОНОМИЧЕСКОГО РАЗВИТИЯ РЕСПУБЛИКИ КРЫМ: ТЕОРИЯ И ПРАКТИКА | Пискун | Стратегии бизнеса Е. И. Пискун д-р экон. наук, доцент, профессор кафедры финансов и кредита В. В. Кудревич ",
32,10.17803/1994-1471.2018.86.1.041-046,0.5,ru,https://aprp.msal.ru/jour/article/view/732,https://openalex.org/works/doi:10.17803/1994-1471.2018.86.1.041-046,"https://doi.org/10.17803/1994-1471.2018.86.1.041-046 объединение граждан, свобода объединений, некоммерческие наименования, право на использование наименования, злоупотребление правом, законодательные о","https://doi.org/10.17803/1994-1471.2018.86.1.041-046 объединение граждан, свобода объединений, некоммерческие наименования, право на использование наименования, злоупотребление правом, законодательные",
33,10.18087/cardio.2018.2.10033,0.5,ru,https://lib.ossn.ru/jour/article/view/96,https://openalex.org/works/doi:10.18087/cardio.2018.2.10033,"18) > Ушаков НЕВРОРОСТОВОЙ ФАКТОР У БОЛЬНЫХ АРТЕРИАЛЬНОЙ ГИПЕРТЕНЗИЕЙ: НЕЙРОПСИХИЧЕСКИЕ, ГЕМОДИНАМИЧЕСКИЕ, МЕТАБОЛИЧЕСКИЕ ВЗАИМОСВЯЗИ https://doi.org/10.18087/cardio.2018.2.10033 Цель исследования. Изучить характер изменений содержания фактора роста ","НЕВРОРОСТОВОЙ ФАКТОР У БОЛЬНЫХ АРТЕРИАЛЬНОЙ ГИПЕРТЕНЗИЕЙ: НЕЙРОПСИХИЧЕСКИЕ, ГЕМОДИНАМИЧЕСКИЕ, МЕТАБОЛИЧЕСКИЕ ВЗАИМОСВЯЗИ | Ушаков | Кардиология Главная > Том 58, № 2 (2018) > Ушаков НЕВРОРОСТОВОЙ ФАКТ",
34,10.18097/PBMC20176305418,0.5,ru,http://pbmc.ibmc.msk.ru/index.php/ru/article/PBMC-2017-63-5-418-ru,https://openalex.org/works/doi:10.18097/PBMC20176305418,"нный университет, Новосибирск, Россия 5. Институт цитологии и генетики СО РАН, Новосибирск, Россия 6. Аграрный Университет Хуажонг, Ухань, Китай DOI: 10.18097/PBMC20176305418 Идентификатор PubMed: 29080874 Год: 2017 том: 63 выпуск:5 страницы: 418-422","1. Новосибирский государственный университет, Новосибирск, Россия; Институт морских биологических исследований, Севастополь, Россия 2. Новосибирский государственный университет, Новосибирск, Россия; У",
35,10.18720/SPBPU/3/2020/vr/vr20-1922,0.5,ru,https://elib.spbstu.ru/dl/3/2020/vr/vr20-1922.pdf/en/info,https://openalex.org/works/doi:10.18720/SPBPU/3/2020/vr/vr20-1922,"нции; водно-энергетический расчёт; water supply; pipeline; reservoir; water deficit; transportation; pumping stations; water-energy calcu-lation DOI: 10.18720/SPBPU/3/2020/vr/vr20-1922 Республика Крым имеет множество видов деятельности, для нормально",SPbPU EL - Технические решения обеспечения пресной водой Керченского полуострова: выпускная квалификационная ра... Title: Технические решения обеспечения пресной водой Керченского полуострова: выпускн,
36,10.19163/2307-9266-2018-6-6,0.5,ru,https://www.pharmpharm.ru/jour/issue/current,https://openalex.org/works/doi:10.19163/2307-9266-2018-6-6,"Том 6, № 6 (2018) Главная > Текущий > Том 6, № 6 (2018) https://doi.org/10.19163/2307-9266-2018-6-6 МОРФОМЕТРИЧЕСКОЕ И ГИСТОХИМИЧЕСКОЕ ИССЛЕДОВАНИЕ ТРАВЫ МЕЛИССЫ ЛЕКАРСТВЕННОЙ ИЗ КОЛЛЕКЦИИ НИКИТСКОГО БОТАНИЧЕСКОГО САДА 504-534 142 В статье представл","Том 6, № 6 (2018) Главная > Текущий > Том 6, № 6 (2018) https://doi.org/10.19163/2307-9266-2018-6-6 МОРФОМЕТРИЧЕСКОЕ И ГИСТОХИМИЧЕСКОЕ ИССЛЕДОВАНИЕ ТРАВЫ МЕЛИССЫ ЛЕКАРСТВЕННОЙ ИЗ КОЛЛЕКЦИИ НИКИТСКОГО ",
37,10.21046/2070-7401-2016-13-6-99-109,0.5,ru,http://jr.rse.cosmos.ru/article.aspx?id=1572,https://openalex.org/works/doi:10.21046/2070-7401-2016-13-6-99-109,"теорологический университет , Санкт-Петербург , Россия 2 Морской гидрофизический институт РАН, Севастополь, Россия Одобрена к печати: 04.10.2016 DOI: 10.21046/2070-7401-2016-13-6-99-109 Ключевые слова: короткопериодные внутренние волны, спутниковые р",Современные проблемы дистанционного зондирования Земли из космоса. 2016. Т. 13. № 6. С. 99-109 Наблюдение короткопериодных внутренних волн в море Лаптевых на основе спутниковых радиолокационных измере,
38,10.21046/2070-7401-2019-16-4-247-255,0.5,ru,http://jr.rse.cosmos.ru/article.aspx?id=2036,https://openalex.org/works/doi:10.21046/2070-7401-2019-16-4-247-255,"ы FIRMS во время пожаров за период 2007–2018 гг. Д.В. Калинская 1 , Д.А. Рябоконь 1 1 Морской гидрофизический институт РАН , Севастополь, Россия DOI: 10.21046/2070-7401-2019-16-4-247-255 Проведён статистический анализ данных по пожарам системы FIRMS ",Современные проблемы дистанционного зондирования Земли из космоса. 2019. Т. 16. № 4. С. 247-255 Исследование характеристик аэрозолей над Чёрным морем посредством системы FIRMS во время пожаров за пери,
39,10.21072/978-5-907118-89-8,0.5,ru,http://ecological-safety.ru/repository/issues/2020/02/10/,https://openalex.org/works/doi:10.21072/978-5-907118-89-8,"ежных акваторий юго-западного Крыма в начале ХХI века / Под ред. О. Г. Миронова, С. В. Алёмова. Симферополь: ИТ «АРИАЛ», 2018. 276 с. https://doi.org/10.21072/978-5-907118-89-8 Миронов О. Г. Потоки нефтяных углеводородов через морские организмы // Мо","Экологическая безопасность прибрежной и шельфовой зон моря | Статьи | Анаэробные бактерии в прибрежных наносах бухты Троицкой (Севастополь, Черное море) Анаэробные бактерии в прибрежных наносах бухты ",
40,10.21202/1993-047X.11.2017.2.83-99,0.5,ru,http://apeljournal.ru/index.php/journal/article/view/531,https://openalex.org/works/doi:10.21202/1993-047X.11.2017.2.83-99,"Оценка эффективности закупок государственного заказчика Республики Крым в условиях воссоединения с Российской Федерацией DOI: http://dx.doi.org/10.21202/1993-047X.11.2017.2.83-99 Татьяна Викторовна Свищук, Гульнара Талгатовна Гафурова Цель: анализ ос",Оценка эффективности закупок государственного заказчика Республики Крым в условиях воссоединения с Российской Федерацией DOI: http://dx.doi.org/10.21202/1993-047X.11.2017.2.83-99 Татьяна Викторовна Св,
41,10.21538/0134-4889-2018-24-2-266-279,0.5,ru,http://www.mathnet.ru/php/archive.phtml?wshow=paper&jrnid=timm&paperid=1541&option_lang=rus,https://openalex.org/works/doi:10.21538/0134-4889-2018-24-2-266-279,"а Президента Российской Федерации для государственной поддержки молодых российских ученых - кандидатов наук, код МК-176.2017.1 . DOI: https://doi.org/10.21538/0134-4889-2018-24-2-266-279 Образец цитирования: Ф. С. Стонякин, М. С. Алкуса, А. Н. Степан","Ф. С. Стонякин, М. С. Алкуса, А. Н. Степанов, М. А. Баринов, “Адаптивные алгоритмы зеркального спуска в задачах выпуклого программирования с липшицевыми ограничениями”, Тр. ИММ УрО РАН, 24, № 2, 2018,",
42,10.21684/2411-7897-2017-3-3-193-206,0.5,ru,https://vestnik.utmn.ru/sociology/vypuski/2017-tom-3/3/467415/,https://openalex.org/works/doi:10.21684/2411-7897-2017-3-3-193-206,"В. Н. Храпко // Вестник Тюменского государственного университета. Социально-экономические и правовые исследования. 2017. Том 3. № 3. С. 193-206. DOI: 10.21684/2411-7897-2017-3-3-193-206 Храпко Владимир Николаевич, кандидат биологических наук, доцент ",Автор: Храпко Владимир Николаевич Для цитирования: Храпко В. Н. Выбор структуры капитала на предприятии / В. Н. Храпко // Вестник Тюменского государственного университета. Социально-экономические и пр,
43,10.22378/2313-6197.2019-7-4.663-673,0.5,ru,http://goldhorde.ru/RU/stati2019-4-4/,https://openalex.org/works/doi:10.22378/2313-6197.2019-7-4.663-673,"е Главное меню / 2019. Т. 7, № 4. Akchurina-Muftieva N.M. 2019. Т. 7, № 4. Akchurina-Muftieva N.M. 2019. Т. 7, № 4. С. 663-673 DOI: http://dx.doi.org/10.22378/2313-6197.2019-7-4.663-673 ИСЛАМСКИЕ ТРАДИЦИИ СООРУЖЕНИЯ ВОДНЫХ ИСТОЧНИКОВ В КРЫМУ Н.М. Акч","2019. Т. 7, № 4. Akchurina-Muftieva N.M. - Золотоордынское обозрение Главное меню / 2019. Т. 7, № 4. Akchurina-Muftieva N.M. 2019. Т. 7, № 4. Akchurina-Muftieva N.M. 2019. Т. 7, № 4. С. 663-673 DOI: h",
44,10.22449/2413-5577-2020-2-122-130,0.5,ru,http://ecological-safety.ru/repository/issues/2020/02/10/,https://openalex.org/works/doi:10.22449/2413-5577-2020-2-122-130,"ибрежных наносах бухты Троицкой (Севастополь, Черное море) // Экологическая безопасность прибрежной и шельфовой зон моря. 2020. No 2. С. 122–130. doi:10.22449/2413-5577-2020-2-122-130 10.22449/2413-5577-2020-2-122-130 Санитарно-биологические исследов","Экологическая безопасность прибрежной и шельфовой зон моря | Статьи | Анаэробные бактерии в прибрежных наносах бухты Троицкой (Севастополь, Черное море) Анаэробные бактерии в прибрежных наносах бухты ",
45,10.23670/IRJ.2019.89.11.058,0.5,ru,https://research-journal.org/en/philology/evfemisticheskie-perifrazy-v-sovremennom-anglijskom-yazyke/,https://openalex.org/works/doi:10.23670/IRJ.2019.89.11.058,"Submit scientific paper, scientific publications, International Research Journal | Meždunarodnyj naučno-issledovatel’skij žurnal DOI: https://doi.org/10.23670/IRJ.2019.89.11.058 Download PDF ( ) Pages: 122-124 Issue: № 11 (89) Part 2 () Search in Goo","EUPHEMISTICAL PERIPHRASES IN MODERN ENGLISH | Submit scientific paper, scientific publications, International Research Journal | Meždunarodnyj naučno-issledovatel’skij žurnal DOI: https://doi.org/10.2",
46,10.23868/201703004,0.5,ru,http://eduherald.ru/ru/article/view?id=19346,https://openalex.org/works/doi:10.23868/201703004,"емин И. И., Зорин В. Л., Деев Р. В., Пулин А. А. Тканеинженерные конструкции для восстановления скелетной мышечной ткани. Гены и клетки. – 2017. doi: 10.23868/201703004 3.	Курмашова Е.Д., Яковлева О.В., Ситдикова Г.Ф. Изменение процессов эндоцитоза с",СОВРЕМЕННЫЕ МЕТОДЫ ВОССТАНОВЛЕНИЯ И РЕГЕНЕРАЦИИ ТКАНЕЙ СКЕЛЕТНЫХ МЫШЦ - Международный студенческий научный вестник (электронный научный журнал) 10.17513/msnv.19346 СОВРЕМЕННЫЕ МЕТОДЫ ВОССТАНОВЛЕНИЯ И ,
47,10.23934/2223-9022-2018-7-3-234-243,0.5,ru,https://www.jnmp.ru/jour/article/view/505/570,https://openalex.org/works/doi:10.23934/2223-9022-2018-7-3-234-243,"мощи при внегоспитальной остановке кровообращения. Журнал им. Н.В. Склифосовского «Неотложная медицинская помощь». 2018;7(3):234-243. https://doi.org/10.23934/2223-9022-2018-7-3-234-243 For citation: Birkun A.A., Altukhov A.V. The Registry as a Basis",Регистр как основа эпидемиологического контроля и оптимизации помощи при внегоспитальной остановке кровообращения | Биркун | Журнал им. Н.В. Склифосовского «Неотложная медицинская помощь» Медицинская ,
48,10.24411/2500-0365-2020-15110,0.5,ru,https://fkis74.ru/index.php/fkstdr/article/view/78,https://openalex.org/works/doi:10.24411/2500-0365-2020-15110,"КОЛЬНОЙ ОБРАЗОВАТЕЛЬНОЙ ОРГАНИЗАЦИИ Лина Андреевна Сварковская Севастопольский государственный университет. Севастополь, Россия. DOI: https://doi.org/10.24411/2500-0365-2020-15110 Ключевые слова: физкультурно-оздоровительная работа, дошкольная образо",ОРГАНИЗАЦИЯ ВЗАИМОДЕЙСТВИЯ СПЕЦИАЛИСТОВ В ФИЗКУЛЬТУРНО-ОЗДОРОВИТЕЛЬНОЙ РАБОТЕ ДОШКОЛЬНОЙ ОБРАЗОВАТЕЛЬНОЙ ОРГАНИЗАЦИИ | Физическая культура. Спорт. Туризм. Двигательная рекреация Том 5 № 1 (2020): Физи,
49,10.25684/NBG.scbook.146.2018.22,0.5,ru,http://scbook.nbgnscpro.com/vypuski-sbornika/2018-%E2%84%96-146/2018-%E2%84%96-146-22/,https://openalex.org/works/doi:10.25684/NBG.scbook.146.2018.22,"УДК 633.822: 577.19 DOI: 10.25684/NBG.scbook.146.2018.22 БИОЛОГИЧЕСКИ АКТИВНЫЕ ВЕЩЕСТВА MENTHA LONGIFOLIA L. Оксана Анатольевна Гребенникова, Анфиса Евгеньевна Палий, Валерий Дмитриевич Работягов 298648, Ре","УДК 633.822: 577.19 DOI: 10.25684/NBG.scbook.146.2018.22 БИОЛОГИЧЕСКИ АКТИВНЫЕ ВЕЩЕСТВА MENTHA LONGIFOLIA L. Оксана Анатольевна Гребенникова, Анфиса Евгеньевна Палий, Валерий Дмитриевич Работягов 2986",
50,10.26435/uc.v0i4(29,0.5,ru,http://journal.dnmu.ru/index.php/UC/article/view/162,https://openalex.org/works/doi:10.26435/uc.v0i4(29,"ко Медицинская академия имени С.И. Георгиевского ФГАОУ ВО «Крымский федеральный университет имени В.И. Вернадского», Симферополь DOI: https://doi.org/10.26435/uc.v0i4(29).162 Цель исследования – изучить клинико-анамнестические данные, особенности обр",КЛИНИКО-АНАМНЕСТИЧЕСКИЕ ФАКТОРЫ РИСКА РАЗВИТИЯ ПОСТМЕНОПАУЗАЛЬНОГО ОСТЕОПОРОЗА | Университетская клиника № 4(29) (2018): Университетская клиника / КЛИНИКО-АНАМНЕСТИЧЕСКИЕ ФАКТОРЫ РИСКА РАЗВИТИЯ ПОСТМЕ,
51,10.29039/article_5a3d2049b1e4a6.72412492,0.5,ru,https://riorpub.com/ru/nauka/issue/1031/view,https://openalex.org/works/doi:10.29039/article_5a3d2049b1e4a6.72412492," РАЦИОНАЛЬНОЕ ИСПОЛЬЗОВАНИЕ ВОДНЫХ РЕСУРСОВ ДЛИТЕЛЬНО ЭКСПЛУАТИРУЕМОГО СИМФЕРОПОЛЬСКОГО ВОДОХРАНИЛИЩА НА РЕКЕ САЛГИР, РЕСПУБЛИКА КРЫМ https://doi.org/10.29039/article_5a3d2049b1e4a6.72412492 с 212 по 218 Потапенко Юрий Яковлевич , Волосухин Яков Викт",Главная / Журналы / Строительство и архитектура / Том 5 Номер 4 5 №4 Опубликован https://doi.org/10.29039/issue_5a3d2044b9bf59.57568662 Формулы для определения деформаций внешне статически неопределим,
52,10.29039/article_5a3d204a5fb5c5.18064086,0.5,ru,https://riorpub.com/ru/nauka/issue/1031/view,https://openalex.org/works/doi:10.29039/article_5a3d204a5fb5c5.18064086,"/doi.org/10.29039/article_5a3d204c4d8e53.10841944 Технология удаления био-обрастаний на водозаборных сооружениях систем водоснабжения https://doi.org/10.29039/article_5a3d204a5fb5c5.18064086 Экологическая безопасность водозабора, залог надёжности раб",Главная / Журналы / Строительство и архитектура / Том 5 Номер 4 5 №4 Опубликован https://doi.org/10.29039/issue_5a3d2044b9bf59.57568662 Формулы для определения деформаций внешне статически неопределим,
53,10.29039/article_5a3d204bc8fda5.11319564,0.5,ru,https://riorpub.com/ru/nauka/issue/1031/view,https://openalex.org/works/doi:10.29039/article_5a3d204bc8fda5.11319564,"doi.org/10.29039/article_5a3d204a5fb5c5.18064086 Экологическая безопасность водозабора, залог надёжности работы системы водоснабжения https://doi.org/10.29039/article_5a3d204bc8fda5.11319564 с 238 по 240",Главная / Журналы / Строительство и архитектура / Том 5 Номер 4 5 №4 Опубликован https://doi.org/10.29039/issue_5a3d2044b9bf59.57568662 Формулы для определения деформаций внешне статически неопределим,
54,10.29039/article_5a3d204c4d8e53.10841944,0.5,ru,https://riorpub.com/ru/nauka/issue/1031/view,https://openalex.org/works/doi:10.29039/article_5a3d204c4d8e53.10841944,"БЛИКА КРЫМ https://doi.org/10.29039/article_5a3d2049b1e4a6.72412492 с 212 по 218 Потапенко Юрий Яковлевич , Волосухин Яков Викторович https://doi.org/10.29039/article_5a3d204c4d8e53.10841944 Технология удаления био-обрастаний на водозаборных сооружен",Главная / Журналы / Строительство и архитектура / Том 5 Номер 4 5 №4 Опубликован https://doi.org/10.29039/issue_5a3d2044b9bf59.57568662 Формулы для определения деформаций внешне статически неопределим,
55,10.29039/article_5a40b0089ddbd3.96268787,0.5,ru,https://riorpub.com/ru/nauka/issue/1031/view,https://openalex.org/works/doi:10.29039/article_5a40b0089ddbd3.96268787,"ермы от действия сосредоточенной и распределенной нагрузки Белянкин Никита Андреевич , Бойко Андрей Юрьевич , Плясова Анна Алексеевна https://doi.org/10.29039/article_5a40b0089ddbd3.96268787 с 201 по 207 РАЦИОНАЛЬНОЕ ИСПОЛЬЗОВАНИЕ ВОДНЫХ РЕСУРСОВ ДЛИ",Главная / Журналы / Строительство и архитектура / Том 5 Номер 4 5 №4 Опубликован https://doi.org/10.29039/issue_5a3d2044b9bf59.57568662 Формулы для определения деформаций внешне статически неопределим,
56,10.29039/issue_5a3d2044b9bf59.57568662,0.5,ru,https://riorpub.com/ru/nauka/issue/1031/view,https://openalex.org/works/doi:10.29039/issue_5a3d2044b9bf59.57568662,Главная / Журналы / Строительство и архитектура / Том 5 Номер 4 5 №4 Опубликован https://doi.org/10.29039/issue_5a3d2044b9bf59.57568662 Формулы для определения деформаций внешне статически неопределимой фермы от действия сосредоточенной и распределен,Главная / Журналы / Строительство и архитектура / Том 5 Номер 4 5 №4 Опубликован https://doi.org/10.29039/issue_5a3d2044b9bf59.57568662 Формулы для определения деформаций внешне статически неопределим,
57,10.31857/S055510992003006X,0.5,ru,https://sciencejournals.ru/view-article/?j=prikbio&y=2020&v=56&n=3&a=PrikBio2003006Kishkovskaya,https://openalex.org/works/doi:10.31857/S055510992003006X,"хересные дрожжи, Saccharomyces cerevisae, ITS, Flo11, генотипирование, физиолого-биохимические свойства, пленкообразование, альдегидообразование DOI: 10.31857/S055510992003006X Саенко Н.Ф., Козуб Г.И., Авербух Б.Я., Шур И.М. Вино херес и технология е","Прикладная биохимия и микробиология. T. 56, Номер 3, 2020 T. 56, № 3, 2020 Прикладная биохимия и микробиология, 2020, T. 56, № 3, стр. 275-282 Природные штаммы дрожжей Saccharomyces cerevisiae, перспе",
58,10.33186/1027-3689-2019-1-97-101,0.5,ru,https://ntb.gpntb.ru/jour/article/view/387,https://openalex.org/works/doi:10.33186/1027-3689-2019-1-97-101,"Четвёртая Музейная ассамблея в Крыму. Обзор работы | Соколова | Научные и технические библиотеки Главная > № 1 (2019) > Соколова https://doi.org/10.33186/1027-3689-2019-1-97-101 Представлен обзор работы Четвёртой Музейной ассамблеи, прошедшей в рамка",Четвёртая Музейная ассамблея в Крыму. Обзор работы | Соколова | Научные и технические библиотеки Главная > № 1 (2019) > Соколова https://doi.org/10.33186/1027-3689-2019-1-97-101 Представлен обзор рабо,
59,10.33925/1683-2981-2019-17-2-29-34,0.5,ru,https://www.endodont.ru/jour/article/view/195,https://openalex.org/works/doi:10.33925/1683-2981-2019-17-2-29-34,"ыт применения биоактивного геля с коллоидным серебром при лечении хронического апикального периодонтита С. А. Демьяненко, Ю. В. Тофан https://doi.org/10.33925/1683-2981-2019-17-2-29-34 Цель. Наряду с совершенствованием методик медико-инструментальной","Клинический опыт применения биоактивного геля с коллоидным серебром при лечении хронического апикального периодонтита | Демьяненко | Эндодонтия Today Главная > Том 17, № 2 (2019) > Демьяненко Клиничес",
